{"textures":{"0":"modelengine:entity/dwarf_blacksmith"},"elements":[{"name":"torso","from":[6.5288563,8.493395,5.6187496],"to":[9.603857,10.030894,10.231251],"rotation":{"angle":0.0,"axis":"x","origin":[2.028856,1.1058941,2.2437499]},"faces":{"down":{"uv":[1.25,4.375,0.625,5.375],"rotation":0,"texture":"#0","tintindex":0},"east":{"uv":[4.875,5.875,5.875,6.25],"rotation":0,"texture":"#0","tintindex":0},"north":{"uv":[7.625,5.375,8.25,5.75],"rotation":0,"texture":"#0","tintindex":0},"south":{"uv":[1.0,7.75,1.625,8.125],"rotation":0,"texture":"#0","tintindex":0},"up":{"uv":[0.625,5.25,0.0,4.25],"rotation":0,"texture":"#0","tintindex":0},"west":{"uv":[5.875,5.375,6.875,5.75],"rotation":0,"texture":"#0","tintindex":0}}},{"name":"torso","from":[6.5418215,7.706428,5.2437496],"to":[9.541822,8.868928,10.83125],"rotation":{"angle":0.0,"axis":"x","origin":[3.153856,1.1058941,0.7437496]},"faces":{"down":{"uv":[3.25,2.75,2.625,3.875],"rotation":0,"texture":"#0","tintindex":0},"east":{"uv":[6.5,1.375,7.625,1.625],"rotation":0,"texture":"#0","tintindex":0},"north":{"uv":[5.25,0.375,5.875,0.625],"rotation":0,"texture":"#0","tintindex":0},"south":{"uv":[4.75,8.5,5.375,8.75],"rotation":0,"texture":"#0","tintindex":0},"up":{"uv":[2.625,3.875,2.0,2.75],"rotation":0,"texture":"#0","tintindex":0},"west":{"uv":[6.875,4.125,8.0,4.375],"rotation":0,"texture":"#0","tintindex":0}}},{"name":"torso","from":[6.241822,5.156428,5.2437496],"to":[9.541822,7.743928,10.83125],"rotation":{"angle":0.0,"axis":"x","origin":[3.153856,1.1058941,0.7437496]},"faces":{"down":{"uv":[2.0,2.625,1.375,3.75],"rotation":0,"texture":"#0","tintindex":0},"east":{"uv":[4.375,1.875,5.5,2.375],"rotation":0,"texture":"#0","tintindex":0},"north":{"uv":[6.125,6.25,6.75,6.75],"rotation":0,"texture":"#0","tintindex":0},"south":{"uv":[1.625,6.375,2.25,6.875],"rotation":0,"texture":"#0","tintindex":0},"up":{"uv":[1.375,3.375,0.75,2.25],"rotation":0,"texture":"#0","tintindex":0},"west":{"uv":[4.5,2.375,5.625,2.875],"rotation":0,"texture":"#0","tintindex":0}}}],"display":{"head":{"translation":[0.0,-6.4,0.0],"rotation":[0.0,0.0,0.0],"scale":[3.8095,3.8095,3.8095]}}}