{"textures":{"0":"modelengine:entity/dwarf_blacksmith"},"elements":[{"name":"head","from":[9.545054,9.568154,14.966846],"to":[10.145054,10.168154,16.429346],"rotation":{"angle":0.0,"axis":"x","origin":[6.357554,-1.9818463,7.4143457]},"faces":{"down":{"uv":[3.0,9.5,2.875,9.75],"rotation":0,"texture":"#0","tintindex":0},"east":{"uv":[2.625,9.5,2.875,9.625],"rotation":0,"texture":"#0","tintindex":0},"north":{"uv":[7.75,9.625,7.875,9.75],"rotation":0,"texture":"#0","tintindex":0},"south":{"uv":[9.625,7.75,9.75,7.875],"rotation":0,"texture":"#0","tintindex":0},"up":{"uv":[8.125,4.375,8.0,4.125],"rotation":0,"texture":"#0","tintindex":0},"west":{"uv":[9.5,3.25,9.75,3.375],"rotation":0,"texture":"#0","tintindex":0}}},{"name":"head","from":[9.545054,9.530655,12.641847],"to":[10.145054,10.130654,14.066845],"rotation":{"angle":0.0,"axis":"x","origin":[6.357554,-1.9818463,7.4143457]},"faces":{"down":{"uv":[5.375,7.0,5.25,7.25],"rotation":0,"texture":"#0","tintindex":0},"east":{"uv":[9.5,1.5,9.75,1.625],"rotation":0,"texture":"#0","tintindex":0},"north":{"uv":[9.625,6.0,9.75,6.125],"rotation":0,"texture":"#0","tintindex":0},"south":{"uv":[9.625,7.5,9.75,7.625],"rotation":0,"texture":"#0","tintindex":0},"up":{"uv":[0.75,6.875,0.625,6.625],"rotation":0,"texture":"#0","tintindex":0},"west":{"uv":[9.5,1.625,9.75,1.75],"rotation":0,"texture":"#0","tintindex":0}}},{"name":"head","from":[9.057554,7.805654,14.0518465],"to":[9.957554,8.593154,15.251846],"rotation":{"angle":0.0,"axis":"x","origin":[5.232554,-1.9818463,8.914346]},"faces":{"down":{"uv":[1.375,9.0,1.125,9.25],"rotation":0,"texture":"#0","tintindex":0},"east":{"uv":[1.75,3.75,2.0,3.875],"rotation":0,"texture":"#0","tintindex":0},"north":{"uv":[3.625,2.625,3.875,2.75],"rotation":0,"texture":"#0","tintindex":0},"south":{"uv":[7.875,0.375,8.125,0.5],"rotation":0,"texture":"#0","tintindex":0},"up":{"uv":[2.125,8.5,1.875,8.25],"rotation":0,"texture":"#0","tintindex":0},"west":{"uv":[9.375,8.875,9.625,9.0],"rotation":0,"texture":"#0","tintindex":0}}},{"name":"head","from":[8.757554,3.530654,12.101846],"to":[10.145054,6.680654,17.126846],"rotation":{"angle":0.0,"axis":"x","origin":[5.232554,-1.9818463,8.914346]},"faces":{"down":{"uv":[3.75,7.125,3.5,8.125],"rotation":0,"texture":"#0","tintindex":0},"east":{"uv":[3.375,3.875,4.375,4.5],"rotation":0,"texture":"#0","tintindex":0},"north":{"uv":[3.0,8.5,3.25,9.125],"rotation":0,"texture":"#0","tintindex":0},"south":{"uv":[3.25,8.5,3.5,9.125],"rotation":0,"texture":"#0","tintindex":0},"up":{"uv":[7.375,3.125,7.125,2.125],"rotation":0,"texture":"#0","tintindex":0},"west":{"uv":[4.25,0.0,5.25,0.625],"rotation":0,"texture":"#0","tintindex":0}}},{"name":"head","from":[9.545054,7.8806543,13.789347],"to":[10.032555,8.405654,14.6143465],"rotation":{"angle":0.0,"axis":"x","origin":[5.232554,-1.9818463,8.914346]},"faces":{"down":{"uv":[0.625,7.125,0.5,7.25],"rotation":0,"texture":"#0","tintindex":0},"east":{"uv":[5.5,2.25,5.625,2.375],"rotation":0,"texture":"#0","tintindex":0},"north":{"uv":[0.625,4.25,0.75,4.375],"rotation":0,"texture":"#0","tintindex":0},"south":{"uv":[1.625,5.625,1.75,5.75],"rotation":0,"texture":"#0","tintindex":0},"up":{"uv":[2.25,7.0,2.125,6.875],"rotation":0,"texture":"#0","tintindex":0},"west":{"uv":[6.375,2.125,6.5,2.25],"rotation":0,"texture":"#0","tintindex":0}}},{"name":"head","from":[9.545054,7.8806543,14.689346],"to":[10.032555,8.405654,15.514347],"rotation":{"angle":0.0,"axis":"x","origin":[5.232554,-1.9818463,8.914346]},"faces":{"down":{"uv":[8.25,5.25,8.125,5.375],"rotation":0,"texture":"#0","tintindex":0},"east":{"uv":[7.625,1.5,7.75,1.625],"rotation":0,"texture":"#0","tintindex":0},"north":{"uv":[2.0,7.25,2.125,7.375],"rotation":0,"texture":"#0","tintindex":0},"south":{"uv":[7.75,6.125,7.875,6.25],"rotation":0,"texture":"#0","tintindex":0},"up":{"uv":[1.625,8.25,1.5,8.125],"rotation":0,"texture":"#0","tintindex":0},"west":{"uv":[7.75,7.625,7.875,7.75],"rotation":0,"texture":"#0","tintindex":0}}},{"name":"head","from":[9.957554,7.618154,12.176846],"to":[12.995054,10.693154,16.939346],"rotation":{"angle":0.0,"axis":"x","origin":[5.232554,-1.9818463,8.914346]},"faces":{"down":{"uv":[3.375,3.875,2.75,4.875],"rotation":0,"texture":"#0","tintindex":0},"east":{"uv":[0.75,3.75,1.75,4.375],"rotation":0,"texture":"#0","tintindex":0},"north":{"uv":[3.25,5.625,3.875,6.25],"rotation":0,"texture":"#0","tintindex":0},"south":{"uv":[5.625,3.25,6.25,3.875],"rotation":0,"texture":"#0","tintindex":0},"up":{"uv":[4.5,3.625,3.875,2.625],"rotation":0,"texture":"#0","tintindex":0},"west":{"uv":[1.75,3.875,2.75,4.5],"rotation":0,"texture":"#0","tintindex":0}}},{"name":"head","from":[9.957554,6.905654,12.176846],"to":[12.132554,7.655654,17.014347],"rotation":{"angle":0.0,"axis":"x","origin":[5.232554,-1.9818463,8.914346]},"faces":{"down":{"uv":[3.25,4.875,2.75,5.875],"rotation":0,"texture":"#0","tintindex":0},"east":{"uv":[4.875,4.75,5.875,4.875],"rotation":0,"texture":"#0","tintindex":0},"north":{"uv":[9.125,3.875,9.625,4.0],"rotation":0,"texture":"#0","tintindex":0},"south":{"uv":[9.125,6.25,9.625,6.375],"rotation":0,"texture":"#0","tintindex":0},"up":{"uv":[4.375,5.5,3.875,4.5],"rotation":0,"texture":"#0","tintindex":0},"west":{"uv":[6.5,8.5,7.5,8.625],"rotation":0,"texture":"#0","tintindex":0}}},{"name":"head","from":[9.432554,7.8806543,14.089347],"to":[10.145054,9.193154,15.214347],"rotation":{"angle":0.0,"axis":"x","origin":[5.232554,-1.9818463,8.914346]},"faces":{"down":{"uv":[6.0,0.375,5.875,0.625],"rotation":0,"texture":"#0","tintindex":0},"east":{"uv":[8.0,3.5,8.25,3.75],"rotation":0,"texture":"#0","tintindex":0},"north":{"uv":[3.5,0.875,3.625,1.125],"rotation":0,"texture":"#0","tintindex":0},"south":{"uv":[4.25,0.625,4.375,0.875],"rotation":0,"texture":"#0","tintindex":0},"up":{"uv":[4.5,2.625,4.375,2.375],"rotation":0,"texture":"#0","tintindex":0},"west":{"uv":[0.75,8.25,1.0,8.5],"rotation":0,"texture":"#0","tintindex":0}}},{"name":"head","from":[10.445055,8.893154,11.951846],"to":[11.195055,10.205654,12.551846],"rotation":{"angle":0.0,"axis":"x","origin":[5.232554,-1.9818463,8.914346]},"faces":{"down":{"uv":[9.75,7.875,9.625,8.0],"rotation":0,"texture":"#0","tintindex":0},"east":{"uv":[9.5,5.375,9.625,5.625],"rotation":0,"texture":"#0","tintindex":0},"north":{"uv":[5.25,9.5,5.375,9.75],"rotation":0,"texture":"#0","tintindex":0},"south":{"uv":[9.5,5.875,9.625,6.125],"rotation":0,"texture":"#0","tintindex":0},"up":{"uv":[8.0,9.75,7.875,9.625],"rotation":0,"texture":"#0","tintindex":0},"west":{"uv":[9.5,6.875,9.625,7.125],"rotation":0,"texture":"#0","tintindex":0}}},{"name":"head","from":[10.445055,8.893154,16.639347],"to":[11.195055,10.205654,17.239346],"rotation":{"angle":0.0,"axis":"x","origin":[5.232554,-1.9818463,8.914346]},"faces":{"down":{"uv":[8.375,9.625,8.25,9.75],"rotation":0,"texture":"#0","tintindex":0},"east":{"uv":[7.25,9.5,7.375,9.75],"rotation":0,"texture":"#0","tintindex":0},"north":{"uv":[9.5,7.125,9.625,7.375],"rotation":0,"texture":"#0","tintindex":0},"south":{"uv":[7.375,9.5,7.5,9.75],"rotation":0,"texture":"#0","tintindex":0},"up":{"uv":[9.75,8.125,9.625,8.0],"rotation":0,"texture":"#0","tintindex":0},"west":{"uv":[9.5,7.375,9.625,7.625],"rotation":0,"texture":"#0","tintindex":0}}},{"name":"head","from":[8.930054,7.4531546,13.601847],"to":[9.605054,8.240654,15.776847],"rotation":{"angle":-22.5,"axis":"z","origin":[8.667554,7.486904,14.689346]},"faces":{"down":{"uv":[1.5,9.0,1.375,9.5],"rotation":0,"texture":"#0","tintindex":0},"east":{"uv":[2.0,2.625,2.5,2.75],"rotation":0,"texture":"#0","tintindex":0},"north":{"uv":[8.625,1.375,8.75,1.5],"rotation":0,"texture":"#0","tintindex":0},"south":{"uv":[9.625,5.125,9.75,5.25],"rotation":0,"texture":"#0","tintindex":0},"up":{"uv":[3.5,7.75,3.375,7.25],"rotation":0,"texture":"#0","tintindex":0},"west":{"uv":[5.625,3.875,6.125,4.0],"rotation":0,"texture":"#0","tintindex":0}}},{"name":"head","from":[13.145055,10.558154,13.1143465],"to":[13.820054,11.3456545,15.814346],"rotation":{"angle":22.5,