{"textures":{"0":"modelengine:entity/dwarf_blacksmith"},"elements":[{"name":"leftarm","from":[6.7558427,8.267359,7.301093],"to":[9.830843,10.179859,10.076093],"rotation":{"angle":22.5,"axis":"x","origin":[8.805218,7.7554836,8.433593]},"faces":{"down":{"uv":[4.25,6.625,3.625,7.125],"rotation":0,"texture":"#0","tintindex":0},"east":{"uv":[4.125,8.125,4.625,8.5],"rotation":0,"texture":"#0","tintindex":0},"north":{"uv":[7.75,1.5,8.375,1.875],"rotation":0,"texture":"#0","tintindex":0},"south":{"uv":[2.5,7.75,3.125,8.125],"rotation":0,"texture":"#0","tintindex":0},"up":{"uv":[0.625,7.125,0.0,6.625],"rotation":0,"texture":"#0","tintindex":0},"west":{"uv":[8.125,4.125,8.625,4.5],"rotation":0,"texture":"#0","tintindex":0}}},{"name":"leftarm","from":[7.1308427,6.2798586,7.6385927],"to":[9.343344,8.492359,9.888593],"rotation":{"angle":22.5,"axis":"x","origin":[8.805218,7.7554836,8.433593]},"faces":{"down":{"uv":[7.875,2.625,7.375,3.125],"rotation":0,"texture":"#0","tintindex":0},"east":{"uv":[7.25,7.25,7.75,7.75],"rotation":0,"texture":"#0","tintindex":0},"north":{"uv":[6.75,7.25,7.25,7.75],"rotation":0,"texture":"#0","tintindex":0},"south":{"uv":[7.375,0.0,7.875,0.5],"rotation":0,"texture":"#0","tintindex":0},"up":{"uv":[7.875,2.625,7.375,2.125],"rotation":0,"texture":"#0","tintindex":0},"west":{"uv":[2.0,7.375,2.5,7.875],"rotation":0,"texture":"#0","tintindex":0}}},{"name":"leftarm","from":[7.430843,5.454859,7.6760926],"to":[8.743343,7.0298586,9.551092],"rotation":{"angle":22.5,"axis":"x","origin":[8.805218,7.7554836,8.433593]},"faces":{"down":{"uv":[3.875,6.25,3.625,6.625],"rotation":0,"texture":"#0","tintindex":0},"east":{"uv":[4.5,3.375,4.875,3.625],"rotation":0,"texture":"#0","tintindex":0},"north":{"uv":[9.125,4.625,9.375,4.875],"rotation":0,"texture":"#0","tintindex":0},"south":{"uv":[9.125,4.875,9.375,5.125],"rotation":0,"texture":"#0","tintindex":0},"up":{"uv":[5.875,5.25,5.625,4.875],"rotation":0,"texture":"#0","tintindex":0},"west":{"uv":[2.125,7.875,2.5,8.125],"rotation":0,"texture":"#0","tintindex":0}}}],"display":{"head":{"translation":[0.0,-6.4,0.0],"rotation":[0.0,0.0,0.0],"scale":[3.8095,3.8095,3.8095]}}}