{"textures":{"0":"modelengine:entity/dwarf_blacksmith"},"elements":[{"name":"leftlowerarm","from":[8.677323,8.570902,7.0160246],"to":[10.889824,10.483402,9.266025],"rotation":{"angle":-22.5,"axis":"z","origin":[9.783573,9.527153,8.141025]},"faces":{"down":{"uv":[7.875,6.75,7.375,7.25],"rotation":0,"texture":"#0","tintindex":0},"east":{"uv":[4.625,8.125,5.125,8.5],"rotation":0,"texture":"#0","tintindex":0},"north":{"uv":[8.125,4.5,8.625,4.875],"rotation":0,"texture":"#0","tintindex":0},"south":{"uv":[8.125,4.875,8.625,5.25],"rotation":0,"texture":"#0","tintindex":0},"up":{"uv":[7.875,6.75,7.375,6.25],"rotation":0,"texture":"#0","tintindex":0},"west":{"uv":[5.125,8.125,5.625,8.5],"rotation":0,"texture":"#0","tintindex":0}}},{"name":"leftlowerarm","from":[8.373655,7.266183,7.053525],"to":[10.361155,9.778683,9.191025],"rotation":{"angle":-22.5,"axis":"z","origin":[9.367405,8.522433,8.122274]},"faces":{"down":{"uv":[8.75,1.5,8.375,2.0],"rotation":0,"texture":"#0","tintindex":0},"east":{"uv":[3.75,7.625,4.25,8.125],"rotation":0,"texture":"#0","tintindex":0},"north":{"uv":[1.5,8.25,1.875,8.75],"rotation":0,"texture":"#0","tintindex":0},"south":{"uv":[8.25,3.5,8.625,4.0],"rotation":0,"texture":"#0","tintindex":0},"up":{"uv":[8.625,5.75,8.25,5.25],"rotation":0,"texture":"#0","tintindex":0},"west":{"uv":[7.625,4.375,8.125,4.875],"rotation":0,"texture":"#0","tintindex":0}}},{"name":"leftlowerarm","from":[2.4974344,7.547111,7.6811967],"to":[13.297435,8.147111,8.281197],"rotation":{"angle":0.0,"axis":"x","origin":[6.284935,10.5471115,3.4361968]},"faces":{"down":{"uv":[9.25,3.375,7.0,3.5],"rotation":0,"texture":"#0","tintindex":0},"east":{"uv":[9.875,1.5,10.0,1.625],"rotation":0,"texture":"#0","tintindex":0},"north":{"uv":[6.5,3.125,8.75,3.25],"rotation":0,"texture":"#0","tintindex":0},"south":{"uv":[7.0,2.0,9.25,2.125],"rotation":0,"texture":"#0","tintindex":0},"up":{"uv":[9.25,3.375,7.0,3.25],"rotation":0,"texture":"#0","tintindex":0},"west":{"uv":[1.625,9.875,1.75,10.0],"rotation":0,"texture":"#0","tintindex":0}}},{"name":"leftlowerarm","from":[3.1349344,5.147111,6.1811967],"to":[6.134935,10.5471115,9.781197],"rotation":{"angle":0.0,"axis":"x","origin":[6.284935,10.5471115,3.4361968]},"faces":{"down":{"uv":[1.25,5.375,0.625,6.125],"rotation":0,"texture":"#0","tintindex":0},"east":{"uv":[1.75,1.5,2.5,2.625],"rotation":0,"texture":"#0","tintindex":0},"north":{"uv":[2.875,0.0,3.5,1.125],"rotation":0,"texture":"#0","tintindex":0},"south":{"uv":[3.25,2.75,3.875,3.875],"rotation":0,"texture":"#0","tintindex":0},"up":{"uv":[0.625,6.0,0.0,5.25],"rotation":0,"texture":"#0","tintindex":0},"west":{"uv":[0.0,2.25,0.75,3.375],"rotation":0,"texture":"#0","tintindex":0}}},{"name":"leftlowerarm","from":[2.8349345,10.5471115,5.9936967],"to":[6.4349346,10.847112,9.968697],"rotation":{"angle":0.0,"axis":"x","origin":[6.284935,10.5471115,3.4361968]},"faces":{"down":{"uv":[4.25,0.0,3.5,0.875],"rotation":0,"texture":"#0","tintindex":0},"east":{"uv":[8.75,2.875,9.625,3.0],"rotation":0,"texture":"#0","tintindex":0},"north":{"uv":[8.75,8.5,9.5,8.625],"rotation":0,"texture":"#0","tintindex":0},"south":{"uv":[8.875,0.25,9.625,0.375],"rotation":0,"texture":"#0","tintindex":0},"up":{"uv":[0.75,4.25,0.0,3.375],"rotation":0,"texture":"#0","tintindex":0},"west":{"uv":[8.75,3.0,9.625,3.125],"rotation":0,"texture":"#0","tintindex":0}}},{"name":"leftlowerarm","from":[2.8349345,4.9221106,5.9936967],"to":[6.4349346,5.2221107,9.968697],"rotation":{"angle":0.0,"axis":"x","origin":[6.284935,10.5471115,3.4361968]},"faces":{"down":{"uv":[4.375,1.75,3.625,2.625],"rotation":0,"texture":"#0","tintindex":0},"east":{"uv":[8.75,3.125,9.625,3.25],"rotation":0,"texture":"#0","tintindex":0},"north":{"uv":[8.625,8.875,9.375,9.0],"rotation":0,"texture":"#0","tintindex":0},"south":{"uv":[8.875,8.625,9.625,8.75],"rotation":0,"texture":"#0","tintindex":0},"up":{"uv":[4.375,1.75,3.625,0.875],"rotation":0,"texture":"#0","tintindex":0},"west":{"uv":[8.75,5.75,9.625,5.875],"rotation":0,"texture":"#0","tintindex":0}}},{"name":"leftlowerarm","from":[6.134935,6.9846106,7.1186967],"to":[6.734935,8.784611,8.918697],"rotation":{"angle":0.0,"axis":"x","origin":[6.284935,10.5471115,3.4361968]},"faces":{"down":{"uv":[2.625,9.5,2.5,9.875],"rotation":0,"texture":"#0","tintindex":0},"east":{"uv":[3.125,7.75,3.5,8.125],"rotation":0,"texture":"#0","tintindex":0},"north":{"uv":[1.375,9.5,1.5,9.875],"rotation":0,"texture":"#0","tintindex":0},"south":{"uv":[1.5,9.5,1.625,9.875],"rotation":0,"texture":"#0","tintindex":0},"up":{"uv":[1.75,9.875,1.625,9.5],"rotation":0,"texture":"#0","tintindex":0},"west":{"uv":[5.625,8.5,6.0,8.875],"rotation":0,"texture":"#0","tintindex":0}}},{"name":"leftlowerarm","from":[6.734935,7.2846107,7.381197],"to":[7.034935,8.4846115,8.581197],"rotation":{"angle":0.0,"axis":"x","origin":[6.284935,10.5471115,3.4361968]},"faces":{"down":{"uv":[6.75,9.625,6.625,9.875],"rotation":0,"texture":"#0","tintindex":0},"east":{"uv":[9.25,3.25,9.5,3.5],"rotation":0,"texture":"#0","tintindex":0},"north":{"uv":[6.375,9.625,6.5,9.875],"rotation":0,"texture":"#0","tintindex":0},"south":{"uv":[6.5,9.625,6.625,9.875],"rotation":0,"texture":"#0","tintindex":0},"up":{"uv":[9.75,6.75,9.625,6.5],"rotation":0,"texture":"#0","tintindex":0},"west":{"uv":[5.0,9.25,5.25,9.5],"rotation":0,"texture":"#0","tintindex":0}}},{"name":"leftlowerarm","from":[2.6099343,7.2846107,7.381197],"to":[2.9099345,8.4846115,8.581197],"rotation":{"angle":0.0,"axis":"x","origin":[6.284935,10.5471115,3.4361968]},"faces":{"down":{"uv":[7.75,9.625,7.625,9.875],"rotation":0,"texture":"#0","tintindex":0},"east":{"uv":[8.375,9.25,8.625,9.5],"rotation":0,"texture":"#0","tintindex":0},"north":{"uv":[9.625,7.0,9.75,7.25],"rotation":0,"texture":"#0","tintindex":0},"south":{"uv":[7.125,9.625,7.25,9.875],"rotation":0,"texture":"#0","tintindex":0},"up":{"uv":[9.75,7.5,9.625,7.25],"rotation":0,"texture":"#0","tintindex":0},"west":{"uv":[9.25,9.0,9.5,9.25],"rotation":0,"texture":"#0","tintindex":0}}},{"name":"leftlowerarm","from":[6.134935,5.2221107,5.9936967],"to":[6.4349346,10.5471115,9.968697],"rotation":{"angle":0.0,"axis":"x","origin":[6.284935,10.5471115,3.4361968]},"faces":{"down":{"uv":[1.875,8.75,1.75,9.625],"rotation":0,"texture":"#0","tintindex":0},"east":{"uv":[0.0,0.0,0.875,1.125],"rotation":0,"texture":"#0","tintindex":0},"north":{"uv":[6.0,8.5,6.125,9.625],"rotation":0,"texture":"#0","tintindex":0},"south":{"uv":[6.125,8.5,6.25,9.625],"rotation":0,"texture":"#0","tintindex":0},"up":{"uv":[7.625,9.375,7.5,8.5],"rotation":0,"texture":"#0","tintindex":0},"west":{"uv":[0.875,0.0,1.75,1.125],"rotation":0,"texture":"#0","tintindex":0}}},{"name":"leftlowerarm","from":[2.8349345,5.2221107,5.9936967],"to":[3.1349344,10.5471115,9.968697],"rotation":{"angle":0.0,"axis":"x","origin":[6.284935,10.5471115,3.4361968]},"faces":{"down":{"uv":[5.0,8.75,4.875,9.625],"rotation":0,"texture":"#0","tintindex":0},"east":{"uv":[0.0,1.125,0.875,2.25],"rotation":0,"texture":"#0","tintindex":0},"north":{"uv":[6.25,8.5,6.375,9.625],"rotation":0,"texture":"#0","tintindex":0},"south":{"uv":[6.375,8.5,6.5,9.625],"rotation":0,"texture":"#0","tintindex":0},"up":{"uv":[4.875,9.625,4.75,8.75],"rotation":0,"texture":"#0","tintindex":0},"west":{"uv":[0.875,1.125,1.75,2.25],"rotation":0,"texture":"#0","tintindex":0}}},{"name":"leftlowerarm","from":[7.4099345,7.509611,7.643697],"to":[7.7099347,8.18461,8.318697],"rotation":{"angle":0.0,"axis":"x","origin":[6.284935,10.5471115,3.4361968]},"faces":{"down":{"uv":[5.375,9.875,5.25,10.0],"rotation":0,"texture":"#0","tintindex":0},"east":{"uv":[5.0,9.875,5.125,10.0],"rotation":0,"texture":"#0","tintindex":0},"north":{"uv":[9.875,4.875,10.0,5.0],"rotation":0,"texture":"#0","tintindex":0},"south":{"uv":[9.875,5.0,10.0,5.125],"rotation":0,"texture":"#0","tintindex":0},"up":{"uv":[10.0,5.25,9.875,5.125],"rotation":0,"texture":"#0","tintindex":0},"west":{"uv":[5.125,9.875,5.25,10.0],"rotation":0,"texture":"#0","tintindex":0}}},{"name":"leftlowerarm",