{"textures":{"0":"modelengine:entity/dwarf_blacksmith"},"elements":[{"name":"rightshoe","from":[6.35,7.3765626,6.8796873],"to":[7.2125,8.689062,9.167188],"rotation":{"angle":0.0,"axis":"x","origin":[2.7649996,7.1140623,0.42968726]},"faces":{"down":{"uv":[7.75,9.125,7.625,9.625],"rotation":0,"texture":"#0","tintindex":0},"east":{"uv":[6.0,0.875,6.5,1.125],"rotation":0,"texture":"#0","tintindex":0},"north":{"uv":[8.375,9.5,8.5,9.75],"rotation":0,"texture":"#0","tintindex":0},"south":{"uv":[8.5,9.5,8.625,9.75],"rotation":0,"texture":"#0","tintindex":0},"up":{"uv":[7.25,9.625,7.125,9.125],"rotation":0,"texture":"#0","tintindex":0},"west":{"uv":[7.875,2.875,8.375,3.125],"rotation":0,"texture":"#0","tintindex":0}}},{"name":"rightshoe","from":[6.2749996,7.0765624,6.8421874],"to":[10.2125,7.3765626,9.204687],"rotation":{"angle":0.0,"axis":"x","origin":[2.7649996,7.1140623,0.42968726]},"faces":{"down":{"uv":[6.5,2.75,5.625,3.25],"rotation":0,"texture":"#0","tintindex":0},"east":{"uv":[9.125,7.875,9.625,8.0],"rotation":0,"texture":"#0","tintindex":0},"north":{"uv":[8.75,2.625,9.625,2.75],"rotation":0,"texture":"#0","tintindex":0},"south":{"uv":[8.75,2.75,9.625,2.875],"rotation":0,"texture":"#0","tintindex":0},"up":{"uv":[6.5,2.75,5.625,2.25],"rotation":0,"texture":"#0","tintindex":0},"west":{"uv":[9.125,8.0,9.625,8.125],"rotation":0,"texture":"#0","tintindex":0}}},{"name":"rightshoe","from":[6.425,7.1515627,6.9171877],"to":[10.137501,8.651563,9.092188],"rotation":{"angle":0.0,"axis":"x","origin":[2.7649996,7.1140623,0.42968726]},"faces":{"down":{"uv":[6.875,3.875,6.125,4.375],"rotation":0,"texture":"#0","tintindex":0},"east":{"uv":[2.125,8.125,2.625,8.5],"rotation":0,"texture":"#0","tintindex":0},"north":{"uv":[0.625,6.875,1.375,7.25],"rotation":0,"texture":"#0","tintindex":0},"south":{"uv":[1.375,6.875,2.125,7.25],"rotation":0,"texture":"#0","tintindex":0},"up":{"uv":[0.75,6.625,0.0,6.125],"rotation":0,"texture":"#0","tintindex":0},"west":{"uv":[2.625,8.125,3.125,8.5],"rotation":0,"texture":"#0","tintindex":0}}},{"name":"rightshoe","from":[7.2875,8.576563,6.6921873],"to":[10.1,9.1015625,9.204687],"rotation":{"angle":0.0,"axis":"x","origin":[3.8899999,7.1140623,-1.070313]},"faces":{"down":{"uv":[7.375,0.0,6.75,0.5],"rotation":0,"texture":"#0","tintindex":0},"east":{"uv":[9.25,0.0,9.75,0.125],"rotation":0,"texture":"#0","tintindex":0},"north":{"uv":[9.0,2.25,9.625,2.375],"rotation":0,"texture":"#0","tintindex":0},"south":{"uv":[9.0,2.375,9.625,2.5],"rotation":0,"texture":"#0","tintindex":0},"up":{"uv":[7.25,6.25,6.625,5.75],"rotation":0,"texture":"#0","tintindex":0},"west":{"uv":[9.25,0.125,9.75,0.25],"rotation":0,"texture":"#0","tintindex":0}}}],"display":{"head":{"translation":[0.0,-6.4,0.0],"rotation":[0.0,0.0,0.0],"scale":[3.8095,3.8095,3.8095]}}}