{"textures":{"0":"modelengine:entity/dwarf_blacksmith"},"elements":[{"name":"rightarmor","from":[9.873128,6.7803135,20.00375],"to":[13.098128,7.1553135,20.341251],"rotation":{"angle":0.0,"axis":"x","origin":[11.590628,9.882031,19.679375]},"faces":{"down":{"uv":[9.625,2.125,9.0,2.25],"rotation":0,"texture":"#0","tintindex":0},"east":{"uv":[9.625,9.375,9.75,9.5],"rotation":0,"texture":"#0","tintindex":0},"north":{"uv":[8.875,8.75,9.5,8.875],"rotation":0,"texture":"#0","tintindex":0},"south":{"uv":[0.5,9.0,1.125,9.125],"rotation":0,"texture":"#0","tintindex":0},"up":{"uv":[2.5,9.125,1.875,9.0],"rotation":0,"texture":"#0","tintindex":0},"west":{"uv":[9.625,9.5,9.75,9.625],"rotation":0,"texture":"#0","tintindex":0}}},{"name":"rightarmor","from":[9.535627,6.7803135,16.89125],"to":[9.873128,7.1553135,20.341251],"rotation":{"angle":0.0,"axis":"x","origin":[11.590628,9.882031,19.679375]},"faces":{"down":{"uv":[4.125,8.875,4.0,9.625],"rotation":0,"texture":"#0","tintindex":0},"east":{"uv":[8.75,7.125,9.5,7.25],"rotation":0,"texture":"#0","tintindex":0},"north":{"uv":[9.625,8.875,9.75,9.0],"rotation":0,"texture":"#0","tintindex":0},"south":{"uv":[9.0,9.625,9.125,9.75],"rotation":0,"texture":"#0","tintindex":0},"up":{"uv":[4.0,9.625,3.875,8.875],"rotation":0,"texture":"#0","tintindex":0},"west":{"uv":[8.75,7.25,9.5,7.375],"rotation":0,"texture":"#0","tintindex":0}}},{"name":"rightarmor","from":[10.848127,8.767814,17.866251],"to":[12.273128,9.142814,19.44125],"rotation":{"angle":0.0,"axis":"x","origin":[11.590628,9.882031,19.679375]},"faces":{"down":{"uv":[9.125,7.75,8.875,8.125],"rotation":0,"texture":"#0","tintindex":0},"east":{"uv":[9.25,2.0,9.625,2.125],"rotation":0,"texture":"#0","tintindex":0},"north":{"uv":[9.5,8.5,9.75,8.625],"rotation":0,"texture":"#0","tintindex":0},"south":{"uv":[9.5,8.75,9.75,8.875],"rotation":0,"texture":"#0","tintindex":0},"up":{"uv":[7.5,9.25,7.25,8.875],"rotation":0,"texture":"#0","tintindex":0},"west":{"uv":[9.375,1.0,9.75,1.125],"rotation":0,"texture":"#0","tintindex":0}}},{"name":"rightarmor","from":[9.948128,8.392814,17.341251],"to":[13.098128,8.767814,19.92875],"rotation":{"angle":0.0,"axis":"x","origin":[11.590628,9.882031,19.679375]},"faces":{"down":{"uv":[7.375,6.75,6.75,7.25],"rotation":0,"texture":"#0","tintindex":0},"east":{"uv":[9.25,1.75,9.75,1.875],"rotation":0,"texture":"#0","tintindex":0},"north":{"uv":[9.0,6.625,9.625,6.75],"rotation":0,"texture":"#0","tintindex":0},"south":{"uv":[9.0,6.75,9.625,6.875],"rotation":0,"texture":"#0","tintindex":0},"up":{"uv":[7.375,6.75,6.75,6.25],"rotation":0,"texture":"#0","tintindex":0},"west":{"uv":[2.0,9.25,2.5,9.375],"rotation":0,"texture":"#0","tintindex":0}}},{"name":"rightarmor","from":[13.060628,6.7803135,16.89125],"to":[13.473128,7.1553135,20.341251],"rotation":{"angle":0.0,"axis":"x","origin":[11.590628,9.882031,19.679375]},"faces":{"down":{"uv":[4.625,8.875,4.5,9.625],"rotation":0,"texture":"#0","tintindex":0},"east":{"uv":[8.75,7.625,9.5,7.75],"rotation":0,"texture":"#0","tintindex":0},"north":{"uv":[9.625,9.125,9.75,9.25],"rotation":0,"texture":"#0","tintindex":0},"south":{"uv":[9.25,9.625,9.375,9.75],"rotation":0,"texture":"#0","tintindex":0},"up":{"uv":[4.5,9.625,4.375,8.875],"rotation":0,"texture":"#0","tintindex":0},"west":{"uv":[8.75,8.125,9.5,8.25],"rotation":0,"texture":"#0","tintindex":0}}},{"name":"rightarmor","from":[9.6481285,6.8928137,17.116251],"to":[13.248128,8.4678135,20.228752],"rotation":{"angle":0.0,"axis":"x","origin":[11.448128,7.680314,18.6725]},"faces":{"down":{"uv":[5.625,3.375,4.875,4.0],"rotation":0,"texture":"#0","tintindex":0},"east":{"uv":[0.75,3.375,1.375,3.75],"rotation":0,"texture":"#0","tintindex":0},"north":{"uv":[2.875,1.125,3.625,1.5],"rotation":0,"texture":"#0","tintindex":0},"south":{"uv":[6.75,0.5,7.5,0.875],"rotation":0,"texture":"#0","tintindex":0},"up":{"uv":[5.625,1.75,4.875,1.125],"rotation":0,"texture":"#0","tintindex":0},"west":{"uv":[7.625,3.75,8.25,4.125],"rotation":0,"texture":"#0","tintindex":0}}},{"name":"rightarmor","from":[11.495,8.809999,18.2],"to":[12.095,10.572499,18.9125],"rotation":{"angle":0.0,"axis":"x","origin":[11.590628,9.882031,19.679375]},"faces":{"down":{"uv":[1.875,9.875,1.75,10.0],"rotation":0,"texture":"#0","tintindex":0},"east":{"uv":[9.375,4.125,9.5,4.5],"rotation":0,"texture":"#0","tintindex":0},"north":{"uv":[3.5,9.375,3.625,9.75],"rotation":0,"texture":"#0","tintindex":0},"south":{"uv":[9.375,4.5,9.5,4.875],"rotation":0,"texture":"#0","tintindex":0},"up":{"uv":[10.0,1.75,9.875,1.625],"rotation":0,"texture":"#0","tintindex":0},"west":{"uv":[9.375,4.875,9.5,5.25],"rotation":0,"texture":"#0","tintindex":0}}},{"name":"rightarmor","from":[11.795,10.572499,18.5375],"to":[11.8325,10.834999,18.575],"rotation":{"angle":0.0,"axis":"x","origin":[11.590628,9.882031,19.679375]},"faces":{"down":{"uv":[2.375,9.875,2.25,10.0],"rotation":0,"texture":"#0","tintindex":0},"east":{"uv":[2.0,9.875,2.125,10.0],"rotation":0,"texture":"#0","tintindex":0},"north":{"uv":[9.875,1.875,10.0,2.0],"rotation":0,"texture":"#0","tintindex":0},"south":{"uv":[9.875,2.0,10.0,2.125],"rotation":0,"texture":"#0","tintindex":0},"up":{"uv":[10.0,2.25,9.875,2.125],"rotation":0,"texture":"#0","tintindex":0},"west":{"uv":[2.125,9.875,2.25,10.0],"rotation":0,"texture":"#0","tintindex":0}}},{"name":"rightarmor","from":[11.195,8.809999,18.6125],"to":[11.72,9.822499,19.175],"rotation":{"angle":0.0,"axis":"x","origin":[11.590628,9.882031,19.679375]},"faces":{"down":{"uv":[2.0,9.875,1.875,10.0],"rotation":0,"texture":"#0","tintindex":0},"east":{"uv":[5.375,9.625,5.5,9.875],"rotation":0,"texture":"#0","tintindex":0},"north":{"uv":[9.625,4.875,9.75,5.125],"rotation":0,"texture":"#0","tintindex":0},"south":{"uv":[9.625,5.375,9.75,5.625],"rotation":0,"texture":"#0","tintindex":0},"up":{"uv":[10.0,1.875,9.875,1.75],"rotation":0,"texture":"#0","tintindex":0},"west":{"uv":[5.5,9.625,5.625,9.875],"rotation":0,"texture":"#0","tintindex":0}}}],"display":{"head":{"translation":[0.0,-6.4,0.0],"rotation":[0.0,0.0,0.0],"scale":[3.8095,3.8095,3.8095]}}}